<?xml version="1.0" encoding="UTF-8" standalone="yes"?>
<moviearchive>
    <movies>
        <movie id="1">
            <title>Argylle: Misteriozni špijun</title>
            <publisheddate>2024-02-02T23:00:00</publisheddate>
            <description>U društvu Aidena (dobitnik Oscara® Sam Rockwell), špijuna alergičnog na mačke, Elly (noseći Alfieja u ruksaku) juri po cijelom svijetu kako bi ostala korak ispred ubojica dok granica između Ellyna izmišljenog svijeta i njezinog stvarnog počinje blijediti.

Vrhunska glumačka postava uključuje Henryja Cavilla (The Witcher), Johna Cena (Fast X), dobitnicu Oscara® Arianu DeBose (West Side Story), dobitnicu Grammyja pop zvijezdu Duu Lipu (Barbie), dobitnika Emmyja i nominiranog za Oscara® Bryana Cranstona (Breaking Bad), dobitnica Emmyja i ikona komedije Catherine OHara (Schitts Creek), Sofia Boutella (Kingsman: Tajna služba) i legendarni Samuel L. Jackson. Alfieja glumi Chip, stvarni mačak supermodela Claudie Vaughn (rođene Schiffer).

Argylle je režirao i producirao Matthew Vaughn, prema scenariju Jasona Fuchsa (Wonder Woman). Producenti filma su Matthew Vaughn, Adam Bohling (Kingsman franšiza), Jason Fuchs i David Reid (Kingsman franšiza). Izvršni producenti su Adam Fishbach, Zygi Kamasa, Carlos Peres i Claudia Vaughn.</description>
            <originaltitle>Argylle</originaltitle>
            <duration>139</duration>
            <picturepath>posters\poster325446083.jpg</picturepath>
            <link>https://www.blitz-cinestar-bh.ba/cinestar-mostar/argylle-misteriozni-spijun/9087/20240203</link>
            <actors>
                <actor id="1">
                    <firstname>Henry</firstname>
                    <lastname>Cavill</lastname>
                </actor>
                <actor id="2">
                    <firstname>John</firstname>
                    <lastname>Cena</lastname>
                </actor>
            </actors>
            <directors>
                <director id="3">
                    <firstname>Matthew</firstname>
                    <lastname>Vaughn</lastname>
                </director>
            </directors>
            <genres>
                <genre id="1">
                    <name>Triler</name>
                </genre>
            </genres>
        </movie>
        <movie id="2">
            <title>Divno vjenčanje</title>
            <publisheddate>2024-02-02T23:00:00</publisheddate>
            <description>Nastavak napete ljubavne priče snimljene prema istoimenom romanu  - između Abby, djevojke koja bježi od prošlosti i Travisa, zločestog dečka kojeg upoznaje na fakultetu.

U nastavku ove uzbudljive romanse saznajemo kako je Abby, junakinja filma Divna propast, postala gospođa Maddox. Ljubitelji Abbyne i Travisove romanse dobit će u ovoj vrtoglavoj priči odgovore na sva pitanja o danu (i noći!) njihovog vjenčanja…</description>
            <originaltitle>Beautiful Wedding</originaltitle>
            <duration>94</duration>
            <picturepath>posters\poster498725408.jpg</picturepath>
            <link>https://www.blitz-cinestar-bh.ba/cinestar-mostar/divno-vjencanje/9085/20240203</link>
            <actors>
                <actor id="4">
                    <firstname>Virginia</firstname>
                    <lastname>Gardner</lastname>
                </actor>
                <actor id="5">
                    <firstname>Dylan</firstname>
                    <lastname>Sprouse</lastname>
                </actor>
                <actor id="6">
                    <firstname>Rob</firstname>
                    <lastname>Estes</lastname>
                </actor>
                <actor id="2">
                    <firstname>John</firstname>
                    <lastname>Cena</lastname>
                </actor>
            </actors>
            <directors>
                <director id="7">
                    <firstname>Roger</firstname>
                    <lastname>Kumble</lastname>
                </director>
            </directors>
            <genres>
                <genre id="2">
                    <name>Romantična drama</name>
                </genre>
            </genres>
        </movie>
        <movie id="3">
            <title>Ekipa iz džungle 2: Svjetska turneja - sink</title>
            <publisheddate>2024-02-02T23:00:00</publisheddate>
            <description>Koga pozivamo u pomoć kada misteriozni super-zlikovac prekrije džunglu ružičastom pjenom koja eksplodira pri dodiru s vodom? Ekipu iz džungle naravno! 

Manje od mjesec dana prije sezone kiša, utrka s vremenom je počela. Od Sjevernog pola do Dalekog istoka, prelazeći planine, pustinje i oceane, naši junaci će daleko od svoje omiljene džungle morati pretražiti svijet u potrazi za protuotrovom!</description>
            <originaltitle>The Jungle Bunch 2</originaltitle>
            <duration>89</duration>
            <picturepath>posters\poster1168780157.jpg</picturepath>
            <link>https://www.blitz-cinestar-bh.ba/cinestar-mostar/ekipa-iz-dzungle-2-svjetska-turneja-sink/9006/20240203</link>
            <actors>
                <actor id="8">
                    <firstname></firstname>
                    <lastname></lastname>
                </actor>
            </actors>
            <directors>
                <director id="9">
                    <firstname>Laurent</firstname>
                    <lastname>Bru</lastname>
                </director>
                <director id="10">
                    <firstname>Yannick</firstname>
                    <lastname>Moulin</lastname>
                </director>
                <director id="11">
                    <firstname>Benoît</firstname>
                    <lastname>Somville</lastname>
                </director>
            </directors>
            <genres>
                <genre id="3">
                    <name>Animirani</name>
                </genre>
            </genres>
        </movie>
        <movie id="4">
            <title>Gospodar kaosa</title>
            <publisheddate>2024-02-02T23:00:00</publisheddate>
            <description>Redatelj filma Dječak donosi novi horor koji vas neće ostaviti ravnodušnima.

Lord of Misrule je horor priča smještena u ruralno englesko selo, gdje Rebecca Holland preuzima župu. Kada joj kći nestane na zimskom festivalu, mještani i lokalna policija pridruže se potrazi. Međutim, što se više približavaju pronalasku djevojčice, to na vidjelo izlazi sve više mračnih tajni grada. Rebecca će morati odlučiti koliko je toga spremna žrtvovati kako bi izbavila svoju kćer od sila zla.</description>
            <originaltitle>Lord of Misrule</originaltitle>
            <duration>104</duration>
            <picturepath>posters\poster1856749851.jpg</picturepath>
            <link>https://www.blitz-cinestar-bh.ba/cinestar-mostar/gospodar-kaosa/9088/20240203</link>
            <actors>
                <actor id="12">
                    <firstname>Tuppence</firstname>
                    <lastname>Middleton</lastname>
                </actor>
                <actor id="13">
                    <firstname>Ralph</firstname>
                    <lastname>Ineson</lastname>
                </actor>
            </actors>
            <directors>
                <director id="14">
                    <firstname>William Brent</firstname>
                    <lastname>Bell</lastname>
                </director>
            </directors>
            <genres>
                <genre id="4">
                    <name>Horor</name>
                </genre>
            </genres>
        </movie>
        <movie id="5">
            <title>Inspektor Brk i zagonetni slučaj - sink</title>
            <publisheddate>2024-02-02T23:00:00</publisheddate>
            <description>Zamislite svijet kukaca u kojem su pauci policajci. Predstavljamo vam do sada neviđen svijet kukaca, originalnog dizajna i neograničenog smisla za humor…. i jedan klasičan zaplet u stilu Agathe Christie!

Radnja se odvija tridesetih godina prošlog stoljeća na hidroavionu tijekom leta između Šangaja i San Francisca. Dok ljudi zauzimaju putničku kabinu, ispod podova i tereta, trup je uređen poput luksuznog broda za kukce.
Nakon večere počinjen je zločin: moćni Bugsy Spindlethorp je ubijen, ostavljajući nevjerojatno lijepu Arabellu crnu udovicu - udovicom. Inspektor Brk, tvrdi profesionalac, zajedno s mladom vježbenicom Janey istražuje zločin. Suočavaju se s različitim neprijateljima, moćnim zločincima i jednim megalomanskim skakavcem koji planira izgladniti čovječanstvo uništavanjem njihovih usjeva i drugih izvora hrane, kontrolirajući mutantski super roj.</description>
            <originaltitle>Inspector Sun and the Curse of the Black Widow</originaltitle>
            <duration>88</duration>
            <picturepath>posters\poster358463641.jpg</picturepath>
            <link>https://www.blitz-cinestar-bh.ba/cinestar-mostar/inspektor-brk-i-zagonetni-slucaj-sink/8821/20240203</link>
            <actors>
                <actor id="8">
                    <firstname></firstname>
                    <lastname></lastname>
                </actor>
            </actors>
            <directors>
                <director id="15">
                    <firstname>Julio Soto</firstname>
                    <lastname>Gúrpide</lastname>
                </director>
            </directors>
            <genres>
                <genre id="3">
                    <name>Animirani</name>
                </genre>
            </genres>
        </movie>
        <movie id="6">
            <title>Medino Božićno čudo - sink</title>
            <publisheddate>2024-02-02T23:00:00</publisheddate>
            <description>U ovoj dražesnoj božićnoj priči, medvjedić će naučiti kako pravo bogatstvo leži u našim srcima, a prava čarolija blagdana dolazi kroz ljubav i zajedništvo s prijateljima i obitelji.

Snježne pahuljice, mirisni bademi i svjetlucava svjetla stvaraju savršenu atmosferu na Božićnom sajmu na kojem djevojčica Mariann otkriva nevjerojatnu tajnu: na gornjoj polici lutrijske kabine najslađi medo upravo je pomaknuo glavu i počeo njuškati. Osjećajući trenutnu povezanost, Mariann ne može smisliti bolju želju za Božić i pokušava ga osvojiti. Međutim, medo ima drugačije planove, sanja o bogatom vlasniku koji mu može pokazati sve što svijet nudi. No kada medu odvedu u drvarnicu, njegov novi najbolji prijatelj, jež Bolla, pomaže mu shvatiti što je zaista važno u životu...</description>
            <originaltitle>Teddy’s Christmas</originaltitle>
            <duration>80</duration>
            <picturepath>posters\poster1000582347.jpg</picturepath>
            <link>https://www.blitz-cinestar-bh.ba/cinestar-mostar/medino-bozicno-cudo-sink/9033/20240203</link>
            <actors>
                <actor id="8">
                    <firstname></firstname>
                    <lastname></lastname>
                </actor>
            </actors>
            <directors>
                <director id="16">
                    <firstname>Andrea</firstname>
                    <lastname>Eckerbom</lastname>
                </director>
            </directors>
            <genres>
                <genre id="5">
                    <name>Avantura</name>
                </genre>
            </genres>
        </movie>
        <movie id="7">
            <title>Millerova djevojka</title>
            <publisheddate>2024-02-02T23:00:00</publisheddate>
            <description>Jedna od najpopularnijih mladih glumica, Jenna Ortega, najpoznatija po seriji ‘Wednesday’ u glavnoj je ulozi ovog provokativnog trilera, uz glumca Martina Freemana, najpoznatijeg po ulozi u hit serijalu ‘Hobbit‘. 

Talentirana mlada srednjoškolka (Jenna Ortega) kreće u kreativnu odiseju kada joj profesor (Martin Freeman) zada projekt koji ih oboje zapetlja u složenu mrežu. Dok se linije zamagljuju i njihovi se životi isprepliću, profesor i njegova štićenica moraju se suočiti sa svojim najmračnijim tajnama, dok se trude sačuvati stvari koje im u životu najviše znače.</description>
            <originaltitle>Millers Girl</originaltitle>
            <duration>93</duration>
            <picturepath>posters\poster323122730.jpg</picturepath>
            <link>https://www.blitz-cinestar-bh.ba/cinestar-mostar/millerova-djevojka/9089/20240203</link>
            <actors>
                <actor id="17">
                    <firstname>Jenna</firstname>
                    <lastname>Ortega</lastname>
                </actor>
                <actor id="18">
                    <firstname>Martin</firstname>
                    <lastname>Freeman</lastname>
                </actor>
            </actors>
            <directors>
                <director id="19">
                    <firstname>Jade Halley</firstname>
                    <lastname>Bartlett</lastname>
                </director>
            </directors>
            <genres>
                <genre id="1">
                    <name>Triler</name>
                </genre>
            </genres>
        </movie>
        <movie id="8">
            <title>Nedelja</title>
            <publisheddate>2024-02-02T23:00:00</publisheddate>
            <description>Film “Nedelja” prati život jednog od najomiljenijih pjevača na ovim prostorima, Džeja Ramadanovskog. Inspirisan istinitim događajima, donosi priču o Džeju iz najranije mladosti pa sve do velikog uspjeha koji je ostvario. Iako nije imao lako detinjstvo, koje je proveo uglavnom na ulici ili u popravnom domu, Džej je uspio da zauzme svoje mjesto na muzičkoj sceni i kroz pjesme postane dio života mnogih.</description>
            <originaltitle>Nedelja</originaltitle>
            <duration>126</duration>
            <picturepath>posters\poster1205458859.jpg</picturepath>
            <link>https://www.blitz-cinestar-bh.ba/cinestar-mostar/nedelja/9176/20240203</link>
            <actors>
                <actor id="20">
                    <firstname>Husein</firstname>
                    <lastname>Alijević</lastname>
                </actor>
                <actor id="21">
                    <firstname>Marko</firstname>
                    <lastname>Janketić</lastname>
                </actor>
                <actor id="22">
                    <firstname>Stefan</firstname>
                    <lastname>Vukić</lastname>
                </actor>
                <actor id="23">
                    <firstname>Aleksej</firstname>
                    <lastname>Bjelogrlić</lastname>
                </actor>
                <actor id="24">
                    <firstname>Alen</firstname>
                    <lastname>Selimi</lastname>
                </actor>
                <actor id="25">
                    <firstname>Ana</firstname>
                    <lastname>Pindović</lastname>
                </actor>
                <actor id="26">
                    <firstname>Zlatan</firstname>
                    <lastname>Vidović</lastname>
                </actor>
                <actor id="27">
                    <firstname>Milica</firstname>
                    <lastname>Janevski</lastname>
                </actor>
            </actors>
            <directors>
                <director id="28">
                    <firstname>Nemanja Ćeranić i Miloš</firstname>
                    <lastname>Radunović</lastname>
                </director>
            </directors>
            <genres>
                <genre id="6">
                    <name>Biografski</name>
                </genre>
            </genres>
        </movie>
        <movie id="9">
            <title>Pačija posla - sink</title>
            <publisheddate>2024-02-02T23:00:00</publisheddate>
            <description>Uoči novogodišnjih praznika, Iluminejšn (Illumination), koji je napravio blockbustere kao što su Malci, Grozan ja, Pjevajmo i Tajne avanture kućnih ljubimaca, poziva vas da poletite na uzbudljivo i nepoznato putovanje, sa zabavnom, pernatom porodicom, putovanje kakvo ćemo prvi put doživjeti u novoj, originalnoj animiranoj komediji PAČIJA POSLA.

Porodica Malard zapala je u kolotečinu. Dok je tata Mak sretan što svoju porodicu čuva na bezbjednom mjestu, na jezercetu u Novoj Engleskoj, mama Pem jako želi da razmrda stvari i sinu tinejdžeru Daksu i maloj kćerkici Gven, pokaže cijeli  svet. Nakon što je na njihovo jezero sletjela porodica pataka selica i ispričala im uzbudljive priče o dalekim mjestima, Pem počinje da ubjeđuje Meka da krenu na porodično putovanje preko Njujorka, sve do tropske Jamajke. 

Dok Malardovi kreću na jug kako bi prezimili, njihovi dobro osmišljeni planovi počinju vrlo brzo da se kvare. Iskustvo će ih natjerati da prošire svoje horizonte , da budu raspoloženi da sklope nova prijateljstva i postignu više nego što su ikada mogli i da zamisle. Za to vrijeme naučiće svašta novo jedni o drugima a i o samim sebi.</description>
            <originaltitle>Migration</originaltitle>
            <duration>92</duration>
            <picturepath>posters\poster1264741561.jpg</picturepath>
            <link>https://www.blitz-cinestar-bh.ba/cinestar-mostar/pacija-posla-sink/9039/20240203</link>
            <actors>
                <actor id="8">
                    <firstname></firstname>
                    <lastname></lastname>
                </actor>
            </actors>
            <directors>
                <director id="29">
                    <firstname>Benjamin</firstname>
                    <lastname>Renner</lastname>
                </director>
            </directors>
            <genres>
                <genre id="3">
                    <name>Animirani</name>
                </genre>
            </genres>
        </movie>
        <movie id="10">
            <title>Pčelar</title>
            <publisheddate>2024-02-02T23:00:00</publisheddate>
            <description>Kada korupcija i pohlepa poremete sustav, potreban je Pčelar!
Od redatelja hitova „Odred otpisanih” i „Fury” stiže nevjerojatna akcija s akcijskom zvijezdom Jasonom Stathamom u glavnoj ulozi!

Nakon što se povukao iz Pčelara, tajne elitne organizacije, Adam Clay živi usamljeničkim životom brinući se za svoje pčele. Međutim, kada njegovoj starijoj susjedi prevarom otmu životnu ušteđevinu s tragičnim posljedicama, Adam Clay se vraća u akciju. Odlučan potražiti pravdu za svoju susjedu, Clay otkriva mrežu smrtonosnih prijevara koje je orkestrirala moćna organizacija kojoj su meta najranjiviji slojevi društva. Dok se bori protiv agenata FBI-a, prevaranata 21. stoljeća, pa čak i vlastite zamjene u Pčelarima, Clayjeva misija evoluira u nešto veće: razotkrivanje sveprisutnog sustava korupcije koji prijeti društvu u cjelini.</description>
            <originaltitle>The Beekeeper</originaltitle>
            <duration>105</duration>
            <picturepath>posters\poster879820032.jpg</picturepath>
            <link>https://www.blitz-cinestar-bh.ba/cinestar-mostar/pcelar/9080/20240203</link>
            <actors>
                <actor id="30">
                    <firstname>Jason</firstname>
                    <lastname>Statham</lastname>
                </actor>
                <actor id="31">
                    <firstname>Emmy Raver –</firstname>
                    <lastname>Lampman</lastname>
                </actor>
                <actor id="32">
                    <firstname>Josh</firstname>
                    <lastname>Hutcherson</lastname>
                </actor>
            </actors>
            <directors>
                <director id="33">
                    <firstname>David</firstname>
                    <lastname>Ayer</lastname>
                </director>
            </directors>
            <genres>
                <genre id="7">
                    <name>Akcijski triler</name>
                </genre>
            </genres>
        </movie>
        <movie id="11">
            <title>Samo ne ti</title>
            <publisheddate>2024-02-02T23:00:00</publisheddate>
            <description>U komediji Samo ne ti, Bea (Sydney Sweeney) i Ben (Glen Powell) izgledaju kao savršen par, ali nakon nevjerojatnog prvog spoja dogodi se nešto što njihovu vatrenu privlačnost pretvori u ledenu – sve dok se neočekivano ne nađu zajedno na vjenčanju u Australiji. Stoga čine ono što bi učinile bilo koje dvije zrele odrasle osobe - pretvaraju se da su par.</description>
            <originaltitle>Anyone but you</originaltitle>
            <duration>103</duration>
            <picturepath>posters\poster1455276266.jpg</picturepath>
            <link>https://www.blitz-cinestar-bh.ba/cinestar-mostar/samo-ne-ti/9065/20240203</link>
            <actors>
                <actor id="34">
                    <firstname>Sydney Sweeney  				Glen Powell 				Alexandra Ship</firstname>
                    <lastname>Griffiths</lastname>
                </actor>
            </actors>
            <directors>
                <director id="35">
                    <firstname>Will</firstname>
                    <lastname>Gluck</lastname>
                </director>
            </directors>
            <genres>
                <genre id="8">
                    <name>Komedija</name>
                </genre>
            </genres>
        </movie>
        <movie id="12">
            <title>Tri mušketira: Milady</title>
            <publisheddate>2024-02-02T23:00:00</publisheddate>
            <description>Roman Alexandra Dumasa književni je klasik koji je već nekoliko puta ekraniziran za velika platna, no ova raskošna adaptacija predstavlja nove likove i brojne lokacije, od slavnog Louvrea do Buckinghamske palače, preko oluka Pariza do opsade La Rochellea... 

DArtagnan je prisiljen udružiti snage s Milady kako bi spasio Constance, koja je oteta pred njegovim očima. No kako je rat najavljen, a Athos, Porthos i Aramis već su se pridružili fronti, tajna iz prošlosti razbija stare saveze.</description>
            <originaltitle>The Three Musketeers: Milady</originaltitle>
            <duration>114</duration>
            <picturepath>posters\poster1888947094.jpg</picturepath>
            <link>https://www.blitz-cinestar-bh.ba/cinestar-mostar/tri-musketira-milady/9084/20240203</link>
            <actors>
                <actor id="36">
                    <firstname>Eva</firstname>
                    <lastname>Green</lastname>
                </actor>
                <actor id="37">
                    <firstname>François</firstname>
                    <lastname>Civil</lastname>
                </actor>
                <actor id="38">
                    <firstname>Vincent</firstname>
                    <lastname>Cassel</lastname>
                </actor>
                <actor id="39">
                    <firstname>Romain</firstname>
                    <lastname>Duris</lastname>
                </actor>
            </actors>
            <directors>
                <director id="40">
                    <firstname>Martin</firstname>
                    <lastname>Bourboulon</lastname>
                </director>
            </directors>
            <genres>
                <genre id="9">
                    <name>Akcijska avantura</name>
                </genre>
            </genres>
        </movie>
        <movie id="13">
            <title>U zemlji svetaca i grešnika</title>
            <publisheddate>2024-02-02T23:00:00</publisheddate>
            <description>U glavnoj ulozi Liam Neeson koji ponovno surađuje s redateljem Robertom Lorenzom, s kojim je surađivao 2021. godine na filmu Zaštitnik. Radnja filma smještena je u 1970-e godine i prati Finbara Murphyja, novoumirovljenog plaćenika koji silno želi svoju prošlost ostaviti iza sebe.

Finbar vodi miran život u obalnom gradu Glen Colm Cille, daleko od političkog nasilja koje muči ostatak zemlje. No kada zlokobna grupa terorista stigne u njegovo mjesto, predvođena nemilosrdnom ženom imena Doireann, Finbar nema izbora nego se uključiti u opaku igru mačke i miša, odabirući između otkrivanja svog tajnog identiteta i sigurnosti svojih prijatelja i susjeda.</description>
            <originaltitle>In the Land of Saints and Sinners</originaltitle>
            <duration>106</duration>
            <picturepath>posters\poster2124791772.jpg</picturepath>
            <link>https://www.blitz-cinestar-bh.ba/cinestar-mostar/u-zemlji-svetaca-i-gresnika/9083/20240203</link>
            <actors>
                <actor id="41">
                    <firstname>Liam</firstname>
                    <lastname>Neeson</lastname>
                </actor>
                <actor id="42">
                    <firstname>Kerry</firstname>
                    <lastname>London</lastname>
                </actor>
                <actor id="43">
                    <firstname>Jack</firstname>
                    <lastname>Gleeson</lastname>
                </actor>
                <actor id="44">
                    <firstname>Ciaran</firstname>
                    <lastname>Hinds</lastname>
                </actor>
            </actors>
            <directors>
                <director id="45">
                    <firstname>Robert</firstname>
                    <lastname>Lorenz</lastname>
                </director>
            </directors>
            <genres>
                <genre id="10">
                    <name>Kriminalistički triler</name>
                </genre>
            </genres>
        </movie>
        <movie id="14">
            <title>Uboga stvorenja</title>
            <publisheddate>2024-02-02T23:00:00</publisheddate>
            <description>Redatelj Yorgos Lanthimos i glumačka zvijezda i dobitnica Oscara - Emma Stone pozivaju vas da sudjelujete u fantastičnoj evoluciji Belle Baxter (Emma Stone), mlade žene koju je s ruba smrti vratio u život briljantni, odvažni znanstvenik dr. Godwin Baxter (Willem Dafoe). Film je temeljen romanu škotskog pisca Alasdaira Graya i jedan je od filmova koji snažno pretendira za najvažnije filmske nagrade. 

Priča o mlado ženi koju je vratio u život briljantni i neortodoksni znanstvenik dr. Godwin Baxter. Pod Baxterovom zaštitom, Bella je željna učenja. Gladna svjetovnosti koja joj nedostaje, Bella odlučuje istražiti svijet i bježi s Duncanom Wedderburnom (Mark Ruffalo), uglađenim i razvratnim odvjetnikom, u vrtložnu avanturu po kontinentima. Slobodna od predrasuda svog vremena, Bella ostaje postojana u svojoj namjeri i zalaže se za jednakost i seksualno oslobođenje.</description>
            <originaltitle>Poor Things</originaltitle>
            <duration>141</duration>
            <picturepath>posters\poster961428542.jpg</picturepath>
            <link>https://www.blitz-cinestar-bh.ba/cinestar-mostar/uboga-stvorenja/9114/20240203</link>
            <actors>
                <actor id="46">
                    <firstname>Emma</firstname>
                    <lastname>Stone</lastname>
                </actor>
                <actor id="47">
                    <firstname>Mark</firstname>
                    <lastname>Ruffalo</lastname>
                </actor>
                <actor id="48">
                    <firstname>Willem</firstname>
                    <lastname>Dafoe</lastname>
                </actor>
            </actors>
            <directors>
                <director id="49">
                    <firstname>Yorgos</firstname>
                    <lastname>Lanthimos</lastname>
                </director>
            </directors>
            <genres>
                <genre id="11">
                    <name>Romansa</name>
                </genre>
            </genres>
        </movie>
        <movie id="15">
            <title>Vau Vau zvijezda 2 - sink</title>
            <publisheddate>2024-02-02T23:00:00</publisheddate>
            <description>Bodi je tibetanski mastif od kojeg se očekuje da bude sljedeći seoski čuvar stadu veselih ovaca, no on nema strast prema preuzimanju te uloge. Bodi želi postati najveća Rock N Roll zvijezda!

Godinu dana nakon prvog nastupa: Bodi i njegov bend postali su lokalno poznati - čak imaju i odane obožavatelje! Ali kad im glazbeni mogul po imenu Lang pruži priliku za turneju s pop senzacijom, Lil Foxy - Bodi i njegovi prijatelji shvate da slava ima svoju cijenu i na kraju otkriju da jedino ako ostanete vjerni sebi možete osloboditi snagu Rock N Roll-a!</description>
            <originaltitle>Rock Dog 2</originaltitle>
            <duration>90</duration>
            <picturepath>posters\poster1380526415.jpg</picturepath>
            <link>https://www.blitz-cinestar-bh.ba/cinestar-mostar/vau-vau-zvijezda-2-sink/9086/20240203</link>
            <actors>
                <actor id="8">
                    <firstname></firstname>
                    <lastname></lastname>
                </actor>
            </actors>
            <directors>
                <director id="50">
                    <firstname>Mark</firstname>
                    <lastname>Baldo</lastname>
                </director>
            </directors>
            <genres>
                <genre id="12">
                    <name>Animacija</name>
                </genre>
            </genres>
        </movie>
        <movie id="16">
            <title>Wonka - sink</title>
            <publisheddate>2024-02-02T23:00:00</publisheddate>
            <description>Od Paula Kinga, redatelja filmova “Paddington” i producenata “Harry Potter” i “Fantastic Beasts” franšiza, dolazi opojna mješavina magije i glazbe, kaosa i emocija, sve ispričano neopisivo emotivno i s puno humora. U glavnoj ulozi je fenomenalni Timothée Chalamet. Ovaj neodoljivo živopisan i inovativan filmski spektakl predstavit će publici mladog Willyja Wonku, prepunog ideja i odlučnog promijeniti svijet jednim ukusnim zalogajem - dokazujući da najbolje stvari u životu počinju sa snom i ako ste dovoljno sretni da upoznate Willyja Wonku, sve je moguće. 

Temeljeno na izvanrednom liku iz priče "Charlie i tvornica čokolade", najprepoznatljivije dječje knjige Roalda Dahla i jedne od najprodavanijih dječjih knjiga svih vremena, "Wonka" priča čudesnu priču o tome kako je najveći izumitelj, čarobnjak i proizvođač čokolade na svijetu postao omiljeni Willy Wonka kakvog danas poznajemo.</description>
            <originaltitle>Wonka</originaltitle>
            <duration>116</duration>
            <picturepath>posters\poster148192031.jpg</picturepath>
            <link>https://www.blitz-cinestar-bh.ba/cinestar-mostar/wonka-sink/8858/20240203</link>
            <actors>
                <actor id="51">
                    <firstname>Timothée</firstname>
                    <lastname>Chalamet</lastname>
                </actor>
                <actor id="52">
                    <firstname>Olivia</firstname>
                    <lastname>Colman</lastname>
                </actor>
                <actor id="53">
                    <firstname>Hugh</firstname>
                    <lastname>Grant</lastname>
                </actor>
                <actor id="54">
                    <firstname>Sally</firstname>
                    <lastname>Hawkins</lastname>
                </actor>
                <actor id="55">
                    <firstname>Rowan</firstname>
                    <lastname>Atkinson</lastname>
                </actor>
                <actor id="56">
                    <firstname>Keegan-Michael</firstname>
                    <lastname>Key</lastname>
                </actor>
            </actors>
            <directors>
                <director id="57">
                    <firstname>Paul</firstname>
                    <lastname>King</lastname>
                </director>
            </directors>
            <genres>
                <genre id="5">
                    <name>Avantura</name>
                </genre>
            </genres>
        </movie>
        <movie id="17">
            <title>Želja - sink</title>
            <publisheddate>2024-02-02T23:00:00</publisheddate>
            <description>Filmski i glazbeni spektakl oskarovaca zaslužnih za velike hitove „Snježno kraljevstvo 1 i 2” studija Walt Disney Animation i ove će zime dočekati publiku u čarobnom kraljevstvu!
 
Asha, nadasve pametna djevojčica, izriče želju tako moćnu da je ispunjava kozmička sila - mala kuglica beskrajne energije zvana Zvijezda. 

Asha i Zvijezda se zajedno suočavaju s najmoćnijim neprijateljem - Kraljem Magnificom. 
One zajedno djeluju kako bi spasile svijet i dokazale kako su čuda itekako moguća ako se volja hrabrog čovjeka poveže s čarolijom zvijezda.</description>
            <originaltitle>Wish</originaltitle>
            <duration>92</duration>
            <picturepath>posters\poster559563358.jpg</picturepath>
            <link>https://www.blitz-cinestar-bh.ba/cinestar-mostar/zelja-sink/9002/20240203</link>
            <actors>
                <actor id="8">
                    <firstname></firstname>
                    <lastname></lastname>
                </actor>
            </actors>
            <directors>
                <director id="58">
                    <firstname>Chris</firstname>
                    <lastname>Buck</lastname>
                </director>
                <director id="59">
                    <firstname>Fawn</firstname>
                    <lastname>Veerasunthorn</lastname>
                </director>
            </directors>
            <genres>
                <genre id="3">
                    <name>Animirani</name>
                </genre>
            </genres>
        </movie>
        <movie id="18">
            <title>Poslije smrti</title>
            <publisheddate>2024-02-05T23:00:00</publisheddate>
            <description>Novi film studija koji je zaslužan za veliki kino hit Zvuk Slobode (Sound Of Freedom). Temeljen na stvarnim iskustvima bliskim smrti, After Death istražuje zagrobni život uz vodstvo autora bestselera New York Timesa, medicinskih stručnjaka, znanstvenika i preživjelih koji bacaju svjetlo na ono što nas čeka.

Film bilježi priče različitih osoba koje su preživjele iskustvo bliske smrti, te sadrži analizu tih događaja od strane autora i znanstvenika dok pokušavaju odrediti što se događa nakon što ljudi umru.</description>
            <originaltitle>After Death</originaltitle>
            <duration>108</duration>
            <picturepath>posters\poster568252474.jpg</picturepath>
            <link>https://www.blitz-cinestar-bh.ba/cinestar-mostar/poslije-smrti/9082/20240206</link>
            <actors>
                <actor id="60">
                    <firstname>Dale</firstname>
                    <lastname>Black</lastname>
                </actor>
                <actor id="61">
                    <firstname>Dean</firstname>
                    <lastname>Braxton</lastname>
                </actor>
                <actor id="62">
                    <firstname>John</firstname>
                    <lastname>Burke</lastname>
                </actor>
            </actors>
            <directors>
                <director id="63">
                    <firstname>Stephen</firstname>
                    <lastname>Gray</lastname>
                </director>
                <director id="64">
                    <firstname>Chris</firstname>
                    <lastname>Radtke</lastname>
                </director>
            </directors>
            <genres>
                <genre id="13">
                    <name>Dokumentarni</name>
                </genre>
            </genres>
        </movie>
        <movie id="19">
            <title>Manon - UŽIVO</title>
            <publisheddate>2024-02-06T23:00:00</publisheddate>
            <description>Ova adaptacija romana Abbéa Prévosta utjelovljuje Kennetha MacMillana u njegovom najboljem izdanju; njegov akutni uvid u ljudsku psihologiju i njegovo majstorstvo narativne koreografije dolaze do punog izražaja u strastvenim duetima središnjeg para. Borba junakinje da pobjegne od siromaštva. čini Manon jednim od najdramatičnijih i najrazornijih baleta, što je naglašeno sugestivnim dizajnom Nicholasa Georgiadisa koji odražava jukstapoziciju između Manonina siromašnog podrijetla i raskošnog svijeta za kojim čezne. U sezoni 2023./24. slavi se stogodišnjica Nicholasa Georgiadisa.</description>
            <originaltitle>Manon</originaltitle>
            <duration>195</duration>
            <picturepath>posters\poster2094456861.jpg</picturepath>
            <link>https://www.blitz-cinestar-bh.ba/cinestar-mostar/manon-uzivo/8923/20240207</link>
            <actors>
                <actor id="8">
                    <firstname></firstname>
                    <lastname></lastname>
                </actor>
            </actors>
            <directors>
                <director id="8">
                    <firstname></firstname>
                    <lastname></lastname>
                </director>
            </directors>
            <genres>
                <genre id="14">
                    <name>Balet</name>
                </genre>
            </genres>
        </movie>
        <movie id="20">
            <title>Dina</title>
            <publisheddate>2024-02-07T23:00:00</publisheddate>
            <description>Spektakularna avantura scenarista, redatelja i producenta filma – Denisa Villeneuvea vraća se na velika platna u limitiranom periodu. Re-distribucija adaptacije prvog romana znanstveno-fantastičnog klasika Dina Franka Herberta dolazi u kina uoči dugo očekivanog drugog nastavka.

Film Dina osvojio je šest nagrada Oscar ® od ukupno deset nominacija.

Priča prati Paula Atreidesa iz kuće Atreides, sjajnog i nadarenog mladića  rođenog za velike stvari, koji mora otputovati na najopasniji planet u  svemiru kako bi osigurao budućnost svoje obitelj i svog naroda. Nađe se  usred sukoba oko ekskluzivne opskrbe najcjenjenijim resursom koji  postoji, najvrjednijem elementu galaksije koji se nalazi samo na Arrakisu i  koji može otključati najveći potencijal čovječanstva, u kojem će preživjet  samo oni koji mogu pobijediti svoj strah.</description>
            <originaltitle>Dune</originaltitle>
            <duration>166</duration>
            <picturepath>posters\poster1194038180.jpg</picturepath>
            <link>https://www.blitz-cinestar-bh.ba/cinestar-mostar/dina/9092/20240208</link>
            <actors>
                <actor id="51">
                    <firstname>Timothée</firstname>
                    <lastname>Chalamet</lastname>
                </actor>
                <actor id="65">
                    <firstname> Zendaya</firstname>
                    <lastname></lastname>
                </actor>
            </actors>
            <directors>
                <director id="66">
                    <firstname>Denis</firstname>
                    <lastname>Villeneuve</lastname>
                </director>
            </directors>
            <genres>
                <genre id="15">
                    <name>Sci-Fi</name>
                </genre>
            </genres>
        </movie>
        <movie id="21">
            <title>Bob Marley: One Love</title>
            <publisheddate>2024-02-13T23:00:00</publisheddate>
            <description>BOB MARLEY  ONE LOVE slavi život i muziku legende koja je, svojom porukom ljubavi i jedinstva, inspirisala generacije. Otkrijte Marlijevu moćnu priču, po prvi put na velikom platnu, priču o prevazilaženju nevolja i putovanju koje je stajalo iza njegove revolucionarne muzike. 

Film je stvoren u saradnji sa porodicom Marley, Kingsley Ben-Adir tumači lik legendarnog muzičara, a Lashana Lynch njegovu ženu Ritu. 

BOB MARLEY  ONE LOVE u naše kino dvorana  stiže 15. februara 2024. godine.</description>
            <originaltitle>Bob Marley: One Love</originaltitle>
            <duration>104</duration>
            <picturepath>posters\poster876695250.jpg</picturepath>
            <link>https://www.blitz-cinestar-bh.ba/cinestar-mostar/bob-marley-one-love/9093/20240214</link>
            <actors>
                <actor id="67">
                    <firstname>Kingsley</firstname>
                    <lastname>Ben-Adir</lastname>
                </actor>
                <actor id="68">
                    <firstname>Lashana</firstname>
                    <lastname>Lynch</lastname>
                </actor>
                <actor id="69">
                    <firstname>James</firstname>
                    <lastname>Norton</lastname>
                </actor>
                <actor id="70">
                    <firstname>Tosin</firstname>
                    <lastname>Cole</lastname>
                </actor>
                <actor id="71">
                    <firstname>Anthony</firstname>
                    <lastname>Welsh</lastname>
                </actor>
                <actor id="72">
                    <firstname>Michael</firstname>
                    <lastname>Gandolfini</lastname>
                </actor>
                <actor id="73">
                    <firstname>Umi</firstname>
                    <lastname>Myers</lastname>
                </actor>
                <actor id="74">
                    <firstname>Nadine</firstname>
                    <lastname>Marshall</lastname>
                </actor>
            </actors>
            <directors>
                <director id="75">
                    <firstname>Reinaldo Marcus</firstname>
                    <lastname>Green</lastname>
                </director>
            </directors>
            <genres>
                <genre id="16">
                    <name>Biografska drama</name>
                </genre>
            </genres>
        </movie>
        <movie id="22">
            <title>Stranci</title>
            <publisheddate>2024-02-13T23:00:00</publisheddate>
            <description>Nevjerojatno potresna i hipnotička priča o gubitku i ljubavi (i svemu između), inspirirana je romanom „Stranci” eminentnog japanskog autora Taichija Yamade. Prvi put napisan 1987. i preveden na engleski 2003., ovaj hvaljeni film britanskog redatelja Andrewa Haigha daje mu suvremen i osobni pečat. 

Jedne noći u svojoj gotovo praznoj zgradi u suvremenom Londonu, Adam (Andrew Scott) ima slučajan susret s tajanstvenim susjedom Harryjem (Paul Mescal), što poremeti ritam njegove svakodnevice. Kako se veza među njima razvija, Adam je zaokupljen sjećanjima na prošlost i biva privučen natrag u predgrađe u kojem je odrastao, i dom iz djetinjstva u kojem njegovi roditelji, izgleda, žive, upravo kakvi su bili na dan kada su umrli, prije 30 godina.</description>
            <originaltitle>All Of Us Strangers</originaltitle>
            <duration>105</duration>
            <picturepath>posters\poster1229192300.jpg</picturepath>
            <link>https://www.blitz-cinestar-bh.ba/cinestar-mostar/stranci/9094/20240214</link>
            <actors>
                <actor id="76">
                    <firstname>Andrew</firstname>
                    <lastname>Scott</lastname>
                </actor>
                <actor id="77">
                    <firstname>Paul</firstname>
                    <lastname>Mescal</lastname>
                </actor>
                <actor id="78">
                    <firstname>Jamie</firstname>
                    <lastname>Bell</lastname>
                </actor>
            </actors>
            <directors>
                <director id="79">
                    <firstname>Andrew</firstname>
                    <lastname>Haigh</lastname>
                </director>
            </directors>
            <genres>
                <genre id="17">
                    <name>Drama</name>
                </genre>
            </genres>
        </movie>
        <movie id="23">
            <title>Madama Butterfly - UŽIVO</title>
            <publisheddate>2024-03-25T23:00:00</publisheddate>
            <description>Kad se mlada gejša Cio-Cio-San uda za američkog mornaričkog časnika Pinkertona, vjeruje da ulazi u pravi, doživotni brak. Napustivši svoju vjeru i zajednicu, prekasno saznaje da je za Pinkertona njihov brak samo iluzija – s tragičnim posljedicama.
S partiturom koja uključuje Butterflyjevu ariju, Un bel di, vedremo (Jednog lijepog dana) i uz izvedbu zbora, opera Giacoma Puccinija je očaravajuća i naposljetku srceparajuća. Izvrsna produkcija Moshea Leisera i Patricea Cauriera nadahnuta je europskim slikama Japana iz 19. stoljeća. Asmik Grigorian igra ulogu Cio-Cio-San, a dirigira Kevin John Edusei.</description>
            <originaltitle>Madama Butterfly</originaltitle>
            <duration>195</duration>
            <picturepath>posters\poster1735289335.jpg</picturepath>
            <link>https://www.blitz-cinestar-bh.ba/cinestar-mostar/madama-butterfly-uzivo/8925/20240326</link>
            <actors>
                <actor id="8">
                    <firstname></firstname>
                    <lastname></lastname>
                </actor>
            </actors>
            <directors>
                <director id="8">
                    <firstname></firstname>
                    <lastname></lastname>
                </director>
            </directors>
            <genres>
                <genre id="18">
                    <name>Opera</name>
                </genre>
            </genres>
        </movie>
        <movie id="24">
            <title>Labuđe jezero - UŽIVO</title>
            <publisheddate>2024-04-23T22:00:00</publisheddate>
            <description>U lovu, princ Siegfried slučajno naiđe na jato labudova. Jedan od njih pretvara se u prelijepu Odette te se princ odmah zaljubi. Ali, Odette je začarana te preko dana može biti samo labud. Može li je Siegfried osloboditi?
Senzacionalna glazba Čajkovskog kombinirana s maštom koreografa Liama Scarletta i dizajnera Johna Macfarlanea, dodatno pojačavaju dramatični patos suštinskog baletnog klasika Mariusa Petipaa i Leva Ivanova. Labuđe jezero do danas je jedno od najomiljenijih djela klasičnog baleta.</description>
            <originaltitle>Swan Lake</originaltitle>
            <duration>210</duration>
            <picturepath>posters\poster1063215846.jpg</picturepath>
            <link>https://www.blitz-cinestar-bh.ba/cinestar-mostar/labudje-jezero-uzivo/8927/20240424</link>
            <actors>
                <actor id="8">
                    <firstname></firstname>
                    <lastname></lastname>
                </actor>
            </actors>
            <directors>
                <director id="8">
                    <firstname></firstname>
                    <lastname></lastname>
                </director>
            </directors>
            <genres>
                <genre id="14">
                    <name>Balet</name>
                </genre>
            </genres>
        </movie>
        <movie id="25">
            <title>Carmen - UŽIVO</title>
            <publisheddate>2024-04-30T22:00:00</publisheddate>
            <description>Blistava nova produkcija Damiana Michieletta evocira svu strast i žar Bizetove glazbe, koja sadrži Carmeninu tešku Habaneru i inspirativnu pjesmu Toreadora. Antonello Manacorda dirigira uzbudljivom međunarodnom postavom, s Aigul Akhmetshinom u glavnoj ulozi..</description>
            <originaltitle>Carmen</originaltitle>
            <duration>220</duration>
            <picturepath>posters\poster2131939197.jpg</picturepath>
            <link>https://www.blitz-cinestar-bh.ba/cinestar-mostar/carmen-uzivo/8929/20240501</link>
            <actors>
                <actor id="8">
                    <firstname></firstname>
                    <lastname></lastname>
                </actor>
            </actors>
            <directors>
                <director id="8">
                    <firstname></firstname>
                    <lastname></lastname>
                </director>
            </directors>
            <genres>
                <genre id="18">
                    <name>Opera</name>
                </genre>
            </genres>
        </movie>
        <movie id="26">
            <title>Andrea Chenier - UŽIVO</title>
            <publisheddate>2024-06-10T22:00:00</publisheddate>
            <description>Na blještavoj zabavi u Parizu 18. stoljeća, pjesnik Andréa Chenier strastveno osuđuje Louisa XVI. Pet godina kasnije, revolucija je ustupila mjesto teroru, mijenjajući ravnotežu moći između Chéniera, njegove voljene Maddalene i Gérarda, čovjeka koji ga može uništiti...
Jonas Kaufmann predvodi spektakularnu postavu Davida McVicara, pod palicom dugogodišnjeg suradnika Antonija Pappana, koji dirigira Giordanovom epskom povijesnom dramom o revoluciji i zabranjenoj ljubavi, u Papannovoj posljednjoj produkciji na poziciji voditelja Kraljevske opere.</description>
            <originaltitle>Andrea Chenier</originaltitle>
            <duration>195</duration>
            <picturepath>posters\poster1430536973.jpg</picturepath>
            <link>https://www.blitz-cinestar-bh.ba/cinestar-mostar/andrea-chenier-uzivo/8931/20240611</link>
            <actors>
                <actor id="8">
                    <firstname></firstname>
                    <lastname></lastname>
                </actor>
            </actors>
            <directors>
                <director id="8">
                    <firstname></firstname>
                    <lastname></lastname>
                </director>
            </directors>
            <genres>
                <genre id="18">
                    <name>Opera</name>
                </genre>
            </genres>
        </movie>
    </movies>
</moviearchive>
