<?xml version="1.0" encoding="UTF-8"?>
<project-private xmlns="http://www.netbeans.org/ns/project-private/1">
    <editor-bookmarks xmlns="http://www.netbeans.org/ns/editor-bookmarks/2" lastBookmarkId="0"/>
    <open-files xmlns="http://www.netbeans.org/ns/projectui-open-files/2">
        <group>
            <file>file:/C:/Users/Korisnik/Desktop/Java-1-projekt-master/src/hr/algebra/dal/RepositoryFactory.java</file>
            <file>file:/C:/Users/Korisnik/Desktop/Java-1-projekt-master/src/hr/algebra/NewArtistDialog.java</file>
            <file>file:/C:/Users/Korisnik/Desktop/Java-1-projekt-master/src/hr/algebra/models/User.java</file>
            <file>file:/C:/Users/Korisnik/Desktop/Java-1-projekt-master/src/hr/algebra/LogInForm.java</file>
            <file>file:/C:/Users/Korisnik/Desktop/Java-1-projekt-master/src/hr/algebra/GenreDialog.java</file>
            <file>file:/C:/Users/Korisnik/Desktop/Java-1-projekt-master/src/hr/algebra/models/GenreTransferable.java</file>
            <file>file:/C:/Users/Korisnik/Desktop/Java-1-projekt-master/src/hr/algebra/models/PersonTransferable.java</file>
            <file>file:/C:/Users/Korisnik/Desktop/Java-1-projekt-master/src/hr/algebra/models/MovieTableModel.java</file>
            <file>file:/C:/Users/Korisnik/Desktop/Java-1-projekt-master/src/hr/algebra/dal/sql/SqlRepository.java</file>
            <file>file:/C:/Users/Korisnik/Desktop/Java-1-projekt-master/src/hr/algebra/AdminForm.java</file>
            <file>file:/C:/Users/Korisnik/Desktop/Java-1-projekt-master/src/hr/algebra/models/PublishedDateAdapter.java</file>
            <file>file:/C:/Users/Korisnik/Desktop/Java-1-projekt-master/src/hr/algebra/models/MovieArchive.java</file>
            <file>file:/C:/Users/Korisnik/Desktop/Java-1-projekt-master/src/hr/algebra/models/Person.java</file>
            <file>file:/C:/Users/Korisnik/Desktop/Java-1-projekt-master/src/hr/algebra/NewMovieDialog.java</file>
            <file>file:/C:/Users/Korisnik/Desktop/Java-1-projekt-master/src/hr/algebra/dal/sql/DataSourceSingleton.java</file>
            <file>file:/C:/Users/Korisnik/Desktop/Java-1-projekt-master/src/hr/algebra/parser/RssParser.java</file>
            <file>file:/C:/Users/Korisnik/Desktop/Java-1-projekt-master/src/hr/algebra/EditArtistDialog.java</file>
            <file>file:/C:/Users/Korisnik/Desktop/Java-1-projekt-master/src/hr/algebra/UserForm.java</file>
            <file>file:/C:/Users/Korisnik/Desktop/Java-1-projekt-master/src/hr/algebra/dal/Repository.java</file>
        </group>
    </open-files>
</project-private>
